Производитель,Модель,Стоимость
PL,PL42BLF80-240,2132
PL,PL42BLF80-241,6126
PL,PL42BLF80-242,6127
PL,PL42BLF80-243,6128
PL,PL42BLF80-244,6129
PL,PL42BLF80-245,6130
PL,PL42BLF80-246,6131
PL,PL42BLF80-247,6132
PL,PL42BLF80-248,6133
PL,PL42BLF80-249,6134
PL,PL42BLF80-250,6135
PL,PL42BLF80-251,6136
PL,PL42BLF80-252,6137
PL,PL42BLF80-253,6138
PL,PL42BLF80-254,6139
PL,PL42BLF80-255,6140
PL,PL42BLF80-256,6141
PL,PL42BLF80-257,6142
PL,PL42BLF80-258,6143
PL,PL42BLF80-259,6144
PL,PL42BLF80-260,6145
PL,PL42BLF80-261,6146
PL,PL42BLF80-262,6147
PL,PL42BLF80-263,6148
PL,PL42BLF80-264,6149
PL,PL42BLF80-265,6150
PL,PL42BLF80-266,6151
PL,PL42BLF80-267,6152
PL,PL42BLF80-268,6153
PL,PL42BLF80-269,6154
PL,PL42BLF80-270,6155
PL,PL42BLF80-271,6156
PL,PL42BLF80-272,6157
PL,PL42BLF80-273,6158
PL,PL42BLF80-274,6159
PL,PL42BLF80-275,6160
PL,PL42BLF80-276,6161
PL,PL42BLF80-277,6162
PL,PL42BLF80-278,6163
PL,PL42BLF80-279,6164
PL,PL42BLF80-280,6165
PL,PL42BLF80-281,6166
PL,PL42BLF80-282,6167
PL,PL42BLF80-283,6168
PL,PL42BLF80-284,6169
PL,PL42BLF80-285,6170
PL,PL42BLF80-286,6171
PL,PL42BLF80-287,6172
PL,PL42BLF80-288,6173
PL,PL42BLF80-289,6174
PL,PL42BLF80-290,6175
PL,PL42BLF80-291,6176
PL,PL42BLF80-292,6177
PL,PL42BLF80-293,6178
PL,PL42BLF80-294,6179
PL,PL42BLF80-295,6180
PL,PL42BLF80-296,6181
PL,PL42BLF80-297,6182
PL,PL42BLF80-298,6183
PL,PL42BLF80-299,6184
PL,PL42BLF80-300,6185
PL,PL42BLF80-301,6186
PL,PL42BLF80-302,6187
PL,PL42BLF80-303,6188
PL,PL42BLF80-304,6189
PL,PL42BLF80-305,6190
PL,PL42BLF80-306,6191
PL,PL42BLF80-307,6192
PL,PL42BLF80-308,6193
PL,PL42BLF80-309,6194
PL,PL42BLF80-310,6195
PL,PL42BLF80-311,6196
PL,PL42BLF80-312,6197
PL,PL42BLF80-313,6198
PL,PL42BLF80-314,6199
PL,PL42BLF80-315,6200
PL,PL42BLF80-316,6201
PL,PL42BLF80-317,6202
PL,PL42BLF80-318,6203
PL,PL42BLF80-319,6204
PL,PL42BLF80-320,6205
PL,PL42BLF80-321,6206
PL,PL42BLF80-322,6207
PL,PL42BLF80-323,6208
PL,PL42BLF80-324,6209
PL,PL42BLF80-325,6210
PL,PL42BLF80-326,6211
PL,PL42BLF80-327,6212
PL,PL42BLF80-328,6213
PL,PL42BLF80-329,6214
PL,PL42BLF80-330,6215
PL,PL42BLF80-331,6216
PL,PL42BLF80-332,6217
PL,PL42BLF80-333,6218
PL,PL42BLF80-334,6219
PL,PL42BLF80-335,6220
PL,PL42BLF80-336,6221
PL,PL42BLF80-337,6222
PL,PL42BLF80-338,6223
PL,PL42BLF80-339,6224
PL,PL42BLF80-340,6225
PL,PL42BLF80-341,6226
PL,PL42BLF80-342,6227
PL,PL42BLF80-343,6228
PL,PL42BLF80-344,6229
PL,PL42BLF80-345,6230
PL,PL42BLF80-346,6231
PL,PL42BLF80-347,6232
PL,PL42BLF80-348,6233
PL,PL42BLF80-349,6234
PL,PL42BLF80-350,6235
PL,PL42BLF80-351,6236
PL,PL42BLF80-352,6237
PL,PL42BLF80-353,6238
PL,PL42BLF80-354,6239
PL,PL42BLF80-355,6240
PL,PL42BLF80-356,6241
PL,PL42BLF80-357,6242
PL,PL42BLF80-358,6243
PL,PL42BLF80-359,6244
PL,PL42BLF80-360,6245
PL,PL42BLF80-361,6246
PL,PL42BLF80-362,6247
PL,PL42BLF80-363,6248
PL,PL42BLF80-364,6249
PL,PL42BLF80-365,6250
PL,PL42BLF80-366,6251
PL,PL42BLF80-367,6252
PL,PL42BLF80-368,6253
PL,PL42BLF80-369,6254
PL,PL42BLF80-370,6255
PL,PL42BLF80-371,6256
PL,PL42BLF80-372,6257
PL,PL42BLF80-373,6258
PL,PL42BLF80-890,12378021
